id,name-en,name-ja,category,element,power,cost
S1,Fire Shot,ファイアショット,shoot,fire,10,5
S2,Heat Burst,ヒートバースト,shoot,fire,30,25
S3,Explosive Break,ばくはつブレイク,shoot,fire,50,40
S4,Ice Impact,アイスインパクト,shoot,ice,10,5
S5,Penguin Breaking,ペンギンブレイキング,shoot,ice,30,25
S6,Blizzard Overhead,ブリザードオーバーヘッド,shoot,ice,50,40
S7,Holy Sword,せいけん,shoot,holy,10,5
S8,Divine Rain,ディバインレイン,shoot,holy,30,25
S9,Overlord Overhead,オーバードオーバーヘッド,shoot,holy,50,40
S10,Killer Slash,キラースラッシュ,shoot,evil,15,5
S11,Death Cross,デスクロス,shoot,evil,35,25
S12,Genocide Overhead,ジェノサイドオーバーヘッド,shoot,evil,55,40
S13,Hurricane Kick,ハリケーンキック,shoot,air,10,5
S14,Wind Tornado,ウィンドトルネード,shoot,air,30,25
S15,Flying Break,フライングブレイク,shoot,air,50,40
S16,Axe Kick,アックスキック,shoot,forest,10,5
S17,Forest Burst,フォレストバースト,shoot,forest,30,25
S18,Nature Attack,ネイチャーアタック,shoot,forest,50,40
S19,Rock Kick,ロックキック,shoot,earth,10,5
S20,Sand Tornado,サンドトルネード,shoot,earth,30,25
S21,Boulder volley,ボルダーボレー,shoot,earth,50,40
S22,Shock Kick,ショックキック,shoot,electric,10,5
S23,Thunder Impact,サンダーインパクト,shoot,electric,30,25
S24,Overdrive, オーバードライブ,shoot,electric,50,40
S25,Aqua Splash,アクアスプラッシュ,shoot,water,10,5
S26,Aggressive Wave,アグレッシブウェーブ,shoot,water,30,25
S27,Sea Emperor,シーエンペラー,shoot,water,50,40
S28,Flame Feint,フレイムフェイント,dribble,fire,10,5
S29,Firetrail,ファイヤートレイル,dribble,fire,30,25
S30,Salamander Dash,サラマンダーダッシュ,dribble,fire,50,40
S31,Ice Skating,アイススケーティング,dribble,ice,10,5
S32,Snow Barrage,スノーバラージュ,dribble,ice,30,25
S33,Wolf Dash,ウルフダッシュ,dribble,ice,50,40
S34,Angel Dribble,エンジェルドリブル,dribble,holy,10,5
S35,Paradise Regained,パラダイスリゲインド,dribble,holy,30,25
S36,Shining Scramble,シャイニングスクランブル,dribble,holy,50,40
S37,Evil Dribble,イービルドリブル,dribble,evil,15,5
S38,Shadow Clone,かげぶんしん,dribble,evil,35,25
S39,Demon Dash,デーモンダッシュ,dribble,evil,55,40
S40,Swift Feint,スウィフトフェイント,dribble,air,10,5
S41,Peacock Wings,ピーコックウィング,dribble,air,30,25
S42,Gale Scramble,ゲイルスクランブル,dribble,air,50,40
S43,Petal Dribble,ペタルドリブル,dribble,forest,10,5
S44,Vine Swing,バインスウィング,dribble,forest,30,25
S45,Eco Elastico,エコエラシコ,dribble,forest,50,40
S46,Mole Dribble,モールドリブル,dribble,earth,10,5
S47,World Tour,ワールドツアー,dribble,earth,30,25
S48,Gaia Elastico,ガイアエラシコ,dribble,earth,50,40
S49,Bolt Feint,ボルトフェイント,dribble,electric,10,5
S50,Transmission,トランスミッション,dribble,electric,30,25
S51,Lightning Elastico,らいこうエラシコ,dribble,electric,50,40
S52,Tide Feint,タイドフェイント,dribble,water,10,5
S53,Water Walk,ウォーターウォーク,dribble,water,30,25
S54,Seaside Dream,シーサイドドリーム,dribble,water,50,40
S55,Blaze Defense,ブレイズディフェンス,block,fire,10,5
S56,Pyro Protector,パイロプロテクター,block,fire,30,25
S57,Burn Zone,バーンゾーン,block,fire,50,40
S58,Ice Block,アイスブロック,block,ice,10,5
S59,Snow House Shield,スノーハウスシールド,block,ice,30,25
S60,Glacial Slide,グレイシャルスライド,block,ice,50,40
S61,Saint Cut,セイントカット,block,holy,10,5
S62,Sacred Shield,セイクリッドシールド,block,holy,30,25
S63,White Light,ホワイトライト,block,holy,50,40
S64,Dark Block,ダークブロック,block,evil,15,5
S65,Poison Fog,ポイズンフォグ,block,evil,35,25
S66,No Return,ノーリターン,block,evil,55,40
S67,Breeze Defense,ブリーズディフェンス,block,air,10,5
S68,Sprinter Cutter,スプリンターカッター,block,air,30,25
S69,Typhoon Zone,タイフーンゾーン,block,air,50,40
S70,The Tree,ザ・ツリー,block,forest,10,5
S71,Flower Cutter,フラワーカッター,block,forest,30,25
S72,Sequoia,セコイア,block,forest,50,40
S73,Earth Defense,アースディフェンス,block,earth,10,5
S74,Sand Guard,サンドガード,block,earth,30,25
S75,Stone Zone,ストーンゾーン,block,earth,50,40
S76,Electric Charge,デンジチャージ,block,electric,10,5
S77,Plasma Shock,プラズマショック,block,electric,30,25
S78,Electron Zone,ちょうでんゾーン,block,electric,50,40
S79,Shell Wall,シェルウォール,block,water,10,5
S80,Man-Eater Whale,ひとくいホエール,block,water,30,25
S81,Swim Slide,スイムスライド,block,water,50,40
S82,Ash Spirits,アッシュスピリッツ,catch,fire,10,5
S83,Infernal World,インフェルノワールド,catch,fire,30,25
S84,Blazing Mirage,メラメラミラージュ,catch,fire,50,40
S85,Frostfall,フロストフォール,catch,ice,10,5
S86,Frozen World,フローズンワールド,catch,ice,30,25
S87,Eternal Frost,エターナルフロスト,catch,ice,50,40
S88,The Sun,ザ・サン,catch,holy,10,5
S89,Reflection,リフレクション,catch,holy,30,25
S90,Salvation,サルベーション,catch,holy,50,40
S91,The moon,ザ・ムーン,catch,evil,15,5
S92,Other World,アザーワールド,catch,evil,35,25
S93,Extinction,ぜつめつ,catch,evil,55,40
S94,Storm Spirits,ストームスピリッツ,catch,air,10,5
S95,Extreme Cyclone ,エクストリームサイクロン,catch,air,30,25
S96,Tempest Trap,テンペストトラップ,catch,air,50,40
S97,Nature Spirits,ネイチャースピリッツ,catch,forest,10,5
S98,Vine Bind,バインバインド,catch,forest,30,25
S99,Forest Trap,フォレストトラップ,catch,forest,50,40
S100,Canyon Catch,キャニオンキャッチ,catch,earth,10,5
S101,Desert World,デザートワールド,catch,earth,30,25
S102,Finisterra,フィニステーラ,catch,earth,50,40
S103,Magnet Catch,マグネットキャッチ,catch,electric,10,5
S104,Wire World,ワイヤーワールド,catch,electric,30,25
S105,Zap Trap,ザップトラップ,catch,electric,50,40
S106,Sea Anemone,イソギンチャク,catch,water,10,5
S107,Deep World,ディープワールド,catch,water,30,25
S108,River Drift,どんぶらこ,catch,water,50,40